name,price_rub,regular_price_rub,is_promo,rating,votes,url
"Яйцо куриное 365 ДНЕЙ СО, 10шт",149.99,157.89,false,4.9,11424,https://lenta.com/product/yajjco-kurinoe-s0-rossiya-10sht/
"Сметана ДОМИК В ДЕРЕВНЕ 15%, без змж, 300г",79.99,94.79,true,4.9,2542,https://lenta.com/product/smetana-15-mst-bez-zmzh-rossiya-300g/
"Подарочный набор детский КОНФИТРЕЙД Трубочки для молока Банан, шоколад, ваниль без змж, 18г",85.00,178.99,true,4.6,11,https://lenta.com/product/podarochnyjj-nabor-trubochki-dmol-bananshokoladvanil-bez-zmzh-rossiya-18g/
"Масло сладкосливочное БРЕСТ-ЛИТОВСК Сливочное несоленое 82,5%, без змж, 180г",189.99,242.19,true,4.9,3659,https://lenta.com/product/maslo-slivochnoe-slivochnoe-nesolenoe-825-bez-zmzh-belarus-180g/
"Десерт питьевой AWAKE POWER Кокосовый Манго, апельсин, без змж, 275г",164.99,199.99,true,5.0,1,https://lenta.com/product/desert-pitevojj-kokosovyjj-mango-apelsin-bez-zmzh-rossiya-275g/
"Подарочный набор детский КОНФИТРЕЙД Трубочки для молока Малина, клубника, карамель, без змж, 18г",45.00,178.99,true,4.3,13,https://lenta.com/product/podarochnyjj-nabor-trubochki-dmol-malinaklubkaramel-bez-zmzh-rossiya-18g/
"Яйцо куриное 365 ДНЕЙ С1, 10шт",129.99,136.84,false,4.9,22732,https://lenta.com/product/yajjco-kurinoe-s1-rossiya-10sht/
"Йогурт TEOS Греческий 2%, без змж, 140г",61.99,65.29,false,5.0,1331,https://lenta.com/product/jjogurt-2-pst-bez-zmzh-belarus-140g/
"Напиток молочный VENN'S Ваниль-лесной орех высокобелковый обезжиренный, без змж, 250г",99.99,121.05,true,2.0,4,https://lenta.com/product/napitok-molochnyjj-vysokobelkovyjj-obezzhirennyjj-vanil-lesnojj-oreh-bez-zmzh-rossiya-250g/
"Спред VOIMIX 60% с змж, 400г",209.99,242.19,true,4.9,28,https://lenta.com/product/spred-60-s-zmzh-rossiya-400g/
"Закваска для кефира VIVO, без змж, 4x0,5г",224.99,259.99,true,4.1,21,https://lenta.com/product/zakvaska-dlya-kefira-bez-zmzh-rossiya-405g/
"Масло сливочное ВКУСНОТЕЕВО Традиционное 82,5%, без змж, 180г",199.99,257.89,true,5.0,830,https://lenta.com/product/maslo-slivochnoe-tradicionnoe-825-bez-zmzh-rossiya-180g/
"Сгущенка овсяная SAMUI, 200г",299.99,315.78,false,4.8,15,https://lenta.com/product/sgushchenka-ovsyanaya-tailand-200g/
"Яйцо куриное РОСКАР Экстра СО столовое, 10шт",134.99,142.10,false,4.9,1506,https://lenta.com/product/yajjco-kurinoe-stolovoe-ekstra-s0-rossiya-10sht/
"Творог ИСКРЕННЕ ВАШ 5%, без змж, 180г",79.99,94.73,true,4.9,406,https://lenta.com/product/tvorog-5-bez-zmzh-rossiya-180g/
"Подарочный набор для мальчика PLAY ME Шоколадные шарики, без змж, 50г",159.99,178.99,true,4.6,33,https://lenta.com/product/podarochnyjj-nabor-shokoladnye-shariki-dlya-malchikov-bez-zmzh-rossiya-50g/
"Сметана ПРОСТОКВАШИНО 15%, без змж, 300г",89.99,121.09,true,4.9,2835,https://lenta.com/product/smetana-15-bez-zmzh-rossiya-300g/
"Закваска САМОКВАШИНО Биокефир Домашний, без змж, 2г",64.99,68.49,false,4.5,19,https://lenta.com/product/zakvaska-biokefir-domashnijj-sashe-bez-zmzh-rossiya-2g/
"Напиток безалкогольный ЭКОНАД Стройность, на молочной сыворотке с натуральным экстрактом Саган Дайля, 330мл",59.00,134.99,true,5.0,5,https://lenta.com/product/napitok-bezalkogolnyjj-strojjnost-na-mol-syv-s-nat-ekstrak-sagan-dajjlya-srg-rossiya-330ml/
"Десерт глазированный 365 ДНЕЙ Вишневый джем 23%, с змж, 38г",14.99,15.79,false,4.8,225,https://lenta.com/product/desert-glazirovannyjj-s-vishnevym-dzhemom-23-s-zmzh-rossiya-38g/
"Напиток растительный ультрапастеризованный TAKE A BITE Шоколад, 1000мл",189.99,214.99,true,4.3,19,https://lenta.com/product/napitok-rastitelnyjj-shokolad-ultrapasterizovannyjj-rossiya-1000ml/
"Масло сливочное ЭКОНИВА Традиционное 82,5%, без змж, 180г",169.99,273.69,true,4.8,1499,https://lenta.com/product/maslo-slivochnoe-tradicionnoe-825-bez-zmzh-rossiya-180g/
"Сметана ПРОСТОКВАШИНО 20%, без змж, 300г",97.99,121.09,true,4.9,1939,https://lenta.com/product/smetana-20-bez-zmzh-rossiya-300g/
"Молоко АНФИСКИНО цельное отборное питьевое пастер. 3,2%-6% бут. без змж",99.99,105.29,false,5.0,1,https://lenta.com/product/moloko-celnoe-otbornoe-pitevoe-paster-32-6-but-bez-zmzh-rossiya-900g/
"Спред растительно-жировой КРЕСТЬЯНСКИЙ Сливочник 60%, 180г",78.99,83.19,false,4.9,112,https://lenta.com/product/spred-slivochnik-rastit-zhirovojj-60-rossiya-180g/
"Молоко ультрапастеризованное СЕЛО ЗЕЛЕНОЕ 3,2%, без змж, 950мл",89.99,136.89,true,4.9,2076,https://lenta.com/product/moloko-upast-32--bez-zmzh-rossiya-950ml/
"Коктейль БОЛЬШАЯ КРУЖКА Шоколад с мороженым 3%, без змж, 980г",144.99,205.29,true,4.6,19,https://lenta.com/product/koktejjl-molochno-shokoladnyjj-s-morozhenym-3-bez-zmzh-rossiya-980g/
Творог АНФИСКИНО 9% флоу-пак без змж,89.99,94.79,false,0.0,0,https://lenta.com/product/tvorog-9-flou-pak-bez-zmzh-rossiya-180g/
"Яйцо куриное ОКСКОЕ С1, 10шт",108.89,114.69,false,4.9,965,https://lenta.com/product/yajjco-kurinoe-s1-rossiya-10sht/
"Спред растительно-жировой 365 ДНЕЙ 60%, 450г",119.99,152.69,true,4.8,374,https://lenta.com/product/spred-rastitelno-zhirovojj-60-rossiya-450g/
"Творог ПРОСТОКВАШИНО 5%, без змж, 200г",99.99,115.79,true,4.9,1254,https://lenta.com/product/tvorog-5-bez-zmzh-rossiya-200g/
"Продукт йогуртный CAMPINA Нежный с соком вишни 1,2%, без змж, 100г",19.99,21.09,false,4.8,38,https://lenta.com/product/produkt-jjogurtnyjj-nezhnyjj-past-s-sokom-vishni-12-bez-zmzh-rossiya-100g/
"Молоко пастеризованное ПРОСТОКВАШИНО 2,5%, без змж, 930мл",79.99,115.79,true,4.9,4524,https://lenta.com/product/moloko-past-pitevoe-25-pet-bez-zmzh-rossiya-930ml/
"Сметана БРЕСТ-ЛИТОВСК 15%, без змж, 300г",84.99,98.99,true,4.9,742,https://lenta.com/product/smetana-15-pst-bez-zmzh-belarus-300g/
"Маргарин СЛИВОЧНИК Сливочный 30%, 180г",53.99,56.89,false,4.6,57,https://lenta.com/product/margarin-slivochnyjj-pergament-30-rossiya-180g/
"Продукт творожный ДАНИССИМО Браво с изысканным шоколадом 6,7%, без змж, 130г",49.99,61.09,true,5.0,1268,https://lenta.com/product/produkt-tvorozhnyjj-bravo-s-shokoladom-67-bez-zmzh-rossiya-130g/
"Напиток ЭКОНАД на основе молочной сыворотки с натуральным экстрактом липы, среднегазированный, 330мл",119.99,157.89,true,4.7,12,https://lenta.com/product/napitok-ba-na-osn-mol-syv-s-nat-ekstraktom-lipy-srgaz-rossiya-330ml/
"Яйцо куриное ЛЕНТА СО, 10шт",119.99,126.39,false,4.9,3166,https://lenta.com/product/yajjco-kurinoe-s0-rossiya-10sht/
"Напиток молочный кофейный NATURA SELECTION Latte Банан, карамель 2,4%, без змж, 220мл",149.99,231.57,true,4.7,18,https://lenta.com/product/napitok-molochnyjj-kofejjnyjj-ster-lattebanan-karamel-24-bez-zmzh-rossiya-220ml/
"Творог ПРОСТОКВАШИНО 2%, без змж, 200г",89.99,110.59,true,4.9,1651,https://lenta.com/product/tvorog-2-bez-zmzh-rossiya-200g/
